filename,genre,songTitle,artistName
blues.00000.wav,blues,"One Bourbon, One Scotch, One Beer",John Lee Hooker
blues.00001.wav,blues,I'm In the Mood,John Lee Hooker
blues.00002.wav,blues,Think Twice Before You Go (feat. Los Lobos),John Lee Hooker
blues.00003.wav,blues,I'm Bad Like Jesse James (Live),John Lee Hooker
blues.00004.wav,blues,Walkin' the Boogie,John Lee Hooker
blues.00005.wav,blues,Sugar Mama,John Lee Hooker
blues.00006.wav,blues,Dreamin' Blues,John Lee Hooker
blues.00007.wav,blues,Ground Hog Blues,John Lee Hooker
blues.00008.wav,blues,Shake It Baby,John Lee Hooker
blues.00009.wav,blues,It's My Own Fault | Hey Baby (Medley),John Lee Hooker
blues.00010.wav,blues,Lonely Boy Boogie,John Lee Hooker
blues.00011.wav,blues,It Serves You Right to Suffer,John Lee Hooker
blues.00012.wav,blues,Cross Road Blues,Robert Johnson
blues.00013.wav,blues,Terraplane Blues,Robert Johnson
blues.00014.wav,blues,#030: Obsession,This American Life
blues.00015.wav,blues,Walkin' Blues,Robert Johnson
blues.00016.wav,blues,I Believe I'll Dust My Broom,Robert Johnson
blues.00017.wav,blues,32-20 Blues,Robert Johnson
blues.00018.wav,blues,Kind Hearted Woman Blues,Robert Johnson
blues.00019.wav,blues,If I Had Possession Over Judgement Day,Robert Johnson
blues.00020.wav,blues,Preachin' Blues (Up Jumped the Devil),Robert Johnson
blues.00021.wav,blues,When You Got a Good Friend,Robert Johnson
blues.00022.wav,blues,Ramblin' On My Mind,Robert Johnson
blues.00023.wav,blues,Stones In My Passway,Robert Johnson
blues.00024.wav,blues,Traveling Riverside Blues,Robert Johnson
blues.00025.wav,blues,Love In Vain,Robert Johnson
blues.00026.wav,blues,Me and the Devil Blues,Robert Johnson
blues.00027.wav,blues,Hellhound On My Trail,Robert Johnson
blues.00028.wav,blues,Traveling Riverside Blues,Robert Johnson
blues.00029.wav,blues,House Carpenter,Kelly Joe Phelps
blues.00030.wav,blues,River Rat Jimmy,Kelly Joe Phelps
blues.00031.wav,blues,Hobo's Son,Kelly Joe Phelps
blues.00032.wav,blues,Katy,Kelly Joe Phelps
blues.00033.wav,blues,Wandering Away,Kelly Joe Phelps
blues.00034.wav,blues,Dock Boggs Country Blues,Kelly Joe Phelps
blues.00035.wav,blues,Capman Bootman,Kelly Joe Phelps
blues.00036.wav,blues,Train Carried My Girl from Town,Kelly Joe Phelps
blues.00037.wav,blues,Piece By Piece,Kelly Joe Phelps
blues.00038.wav,blues,Many a Time,Kelly Joe Phelps
blues.00039.wav,blues,Goodnight Irene,Kelly Joe Phelps
blues.00040.wav,blues,Love Struck Baby,Stevie Ray Vaughan & Double Trouble
blues.00041.wav,blues,Pride and Joy,Stevie Ray Vaughan & Double Trouble
blues.00042.wav,blues,Texas Flood,Stevie Ray Vaughan & Double Trouble
blues.00043.wav,blues,Tell Me,Stevie Ray Vaughan & Double Trouble
blues.00044.wav,blues,Testify,Stevie Ray Vaughan & Double Trouble
blues.00045.wav,blues,Rude Mood,Stevie Ray Vaughan & Double Trouble
blues.00046.wav,blues,Mary Had a Little Lamb,Stevie Ray Vaughan & Double Trouble
blues.00047.wav,blues,Dirty Pool,Stevie Ray Vaughan & Double Trouble
blues.00048.wav,blues,I'm Cryin',Stevie Ray Vaughan & Double Trouble
blues.00049.wav,blues,Lenny,Stevie Ray Vaughan & Double Trouble
blues.00050.wav,blues,What's Wrong,Magic Slim
blues.00051.wav,blues,Snakebite,Magic Slim & The Teardrops
blues.00052.wav,blues,Please Don't Dog Me,Magic Slim
blues.00053.wav,blues,Key to Your Door,Magic Slim & The Teardrops
blues.00054.wav,blues,Shake It,Magic Slim & The Teardrops
blues.00055.wav,blues,I Ain't Looking for No Love,Magic Slim & The Teardrops
blues.00056.wav,blues,Country Boy,Magic Slim & The Teardrops
blues.00057.wav,blues,Lump On Your Stump,Magic Slim & The Teardrops
blues.00058.wav,blues,Lonesome Trouble,Magic Slim & The Teardrops
blues.00059.wav,blues,The Man You Need,Magic Slim & The Teardrops
blues.00060.wav,blues,Mind Your Own Business,Magic Slim & The Teardrops
blues.00061.wav,blues,Boppin' The Rock,Clifton Chenier
blues.00062.wav,blues,The Things I Did For You (Take 1),Clifton Chenier
blues.00063.wav,blues,Yesterday (I Lost My Best Friend) [Take 4],Clifton Chenier
blues.00064.wav,blues,Squeeze-Box Boogie,Clifton Chenier
blues.00065.wav,blues,I'm On My Way (Part 1),Clifton Chenier
blues.00066.wav,blues,Ay-Te Te Fee (Take 8),Clifton Chenier
blues.00067.wav,blues,All Night Long,Clifton Chenier
blues.00068.wav,blues,Opelousas Hop,Clifton Chenier
blues.00069.wav,blues,I'm On My Way (Part 2),Clifton Chenier
blues.00070.wav,blues,Think It Over (Take 4),Clifton Chenier
blues.00071.wav,blues,Zodico Stomp,Clifton Chenier
blues.00072.wav,blues,The Cat's Dreamin',Clifton Chenier
blues.00073.wav,blues,I Bought a Racoon,Buckwheat Zydeco Ils Sont Partis
blues.00074.wav,blues,"Bim Bam, Thank You Mam",Buckwheat Zydeco Ils Sont Partis
blues.00075.wav,blues,Ya Ya,Buckwheat Zydeco
blues.00076.wav,blues,Buck's Nouvelle Jole Blon,Buckwheat Zydeco
blues.00077.wav,blues,On a Night Like This,Buckwheat Zydeco
blues.00078.wav,blues,Hot Tamale Baby,Buckwheat Zydeco
blues.00079.wav,blues,Ma Tit Fille,Buckwheat Zydeco
blues.00080.wav,blues,Hey Good Lookin',Buckwheat Zydeco
blues.00081.wav,blues,Buck's Hot Rod,Buckwheat Zydeco
blues.00082.wav,blues,Why Does Love Got To Be So Sad,Buckwheat Zydeco
blues.00083.wav,blues,Drivin Old Grey,Buckwheat Zydeco
blues.00084.wav,blues,Zydeco Honky Tonk,Buckwheat Zydeco
blues.00085.wav,blues,Crow Jane,Hot Toddy
blues.00086.wav,blues,Cross Cut Saw,Hot Toddy
blues.00087.wav,blues,Right from the Start,Hot Toddy
blues.00088.wav,blues,She's My Girl,Hot Toddy
blues.00089.wav,blues,I Wish You Would,Hot Toddy
blues.00090.wav,blues,One More Night,Hot Toddy
blues.00091.wav,blues,Rescue Me,Hot Toddy
blues.00092.wav,blues,Neighbors Land,Hot Toddy
blues.00093.wav,blues,Mermaids Flirt With Me,Hot Toddy
blues.00094.wav,blues,My Babe,Hot Toddy
blues.00095.wav,blues,Down By the Riverside,Hot Toddy
blues.00096.wav,blues,Long Distance,Hot Toddy
blues.00097.wav,blues,T-Bone Shuffle,Hot Toddy
blues.00098.wav,blues,Iceman,Albert Collins
blues.00099.wav,blues,Lights Are On (But Nobody's Home) [Live],Albert Collins
classical.00000.wav,classical,"Concerto for Oboe d'amore, Strings, and Continuo in D Major, BWV 1053: I. (Allegro) [Reconstruction: Arnold Mehl]",Heinz Holliger & Camerata Bern
classical.00001.wav,classical,Explore,Lovesonic
classical.00002.wav,classical,"Concerto for Oboe d'amore, Strings, and Continuo in D Major, BWV 1053: III. Allegro (Reconstruction: Arnold Mehl)",Heinz Holliger & Camerata Bern
classical.00003.wav,classical,"Cantata ""Ich Steh Mit Einem Fuß Im Grabe"", BWV 156: Sinfonia",Heinz Holliger & Camerata Bern
classical.00004.wav,classical,"Canonic Trio in F, BWV 1040","Heinz Holliger, Thomas Zehetmair, Massimo Polidori & Andreas Erismann"
classical.00005.wav,classical,"Oboe Concerto in E-Flat, Wq 165: I. Allegro",Heinz Holliger & Camerata Bern
classical.00006.wav,classical,"Oboe Concerto in E-Flat, Wq 165: II. Adagio ma non troppo",Heinz Holliger & Camerata Bern
classical.00007.wav,classical,"Oboe Concerto in E-Flat, Wq 165: III. Allegro ma non troppo",Heinz Holliger & Camerata Bern
classical.00008.wav,classical,"Oboe Concerto in B-Flat, Wq 164: I. Allegretto",Heinz Holliger & Camerata Bern
classical.00009.wav,classical,"Oboe Concerto in B-Flat, Wq 164: II. Largo e mesto",Heinz Holliger & Camerata Bern
classical.00010.wav,classical,"Oboe Concerto in B-Flat, Wq 164: III. Allegro moderato",Heinz Holliger & Camerata Bern
classical.00011.wav,classical,"Symphony No. 36 in C Major, K425 'Linz': I. Adagio: Allegro spiritoso",Gunther Hasselmann
classical.00012.wav,classical,"Symphony No. 36 in C Major, K425 'Linz': II. Poco adagio",Gunther Hasselmann
classical.00013.wav,classical,"Symphony No. 36 in C Major, K425 'Linz': III. Menuetto",Gunther Hasselmann
classical.00014.wav,classical,"Symphony No. 36 in C, K. 425, ""Linz"": IV. Finale (Presto)",Academy of St Martin in the Fields & Sir Neville Marriner
classical.00015.wav,classical,"Symphony No. 38 in D Major, K504 'Prague': I. Adagio: Allegro",Gunther Hasselmann
classical.00016.wav,classical,"Symphony No. 38 in D Major, K504 'Prague': II. Andante",Gunther Hasselmann
classical.00017.wav,classical,"Symphony No. 38 in D Major, K. 504 ""Prague"": III. Finale (Presto)",Academy of St Martin in the Fields & Sir Neville Marriner
classical.00018.wav,classical,"Symphony No. 39 in E-Flat, K. 543: I. Adagio - Allegro",Academy of St Martin in the Fields & Sir Neville Marriner
classical.00019.wav,classical,"Symphony No. 39 in E Flat Major, K543: II. Andante con moto",Gunther Hasselmann
classical.00020.wav,classical,"Symphony No. 39 in E Flat Major, K543: III. Menuetto (Allegro)",Gunther Hasselmann
classical.00021.wav,classical,"Symphony No. 39 in E-Flat Major, K. 543: IV. Finale (Allegro)",Academy of St Martin in the Fields & Sir Neville Marriner
classical.00022.wav,classical,"Symphony No. 40 in G Minor, K. 550: I. Molto Allegro",Sir Neville Marriner & Academy of St Martin in the Fields
classical.00023.wav,classical,"Symphony No. 40 in G Minor, K. 550: II. Andante",Academy of St Martin in the Fields & Sir Neville Marriner
classical.00024.wav,classical,"Symphony No. 40 in G Minor, K. 550: III. Menuetto (Allegretto)",Academy of St Martin in the Fields & Sir Neville Marriner
classical.00025.wav,classical,Better,Khalid
classical.00026.wav,classical,"Symphony No. 41 in C Major, K. 551 ""Jupiter"": I. Allegro vivace",Academy of St Martin in the Fields & Sir Neville Marriner
classical.00027.wav,classical,"Symphony No. 41 in C Major, K. 551 - ""Jupiter"": II. Andante cantabile",Academy of St Martin in the Fields & Sir Neville Marriner
classical.00028.wav,classical,"Symphony No. 41 in C, K. 551 - ""Jupiter"": 3. Menuetto (Allegretto)",Sir Neville Marriner & Academy of St Martin in the Fields
classical.00029.wav,classical,"Symphony No. 41 in C Major, K. 551 - ""Jupiter"": IV. Molto allegro",Academy of St Martin in the Fields & Sir Neville Marriner
classical.00030.wav,classical,"Quartet In G Minor for Strings, Op. 10/I. Animé Et Très Décidé","Juilliard String Quartet, Robert Mann, Joel Smirnoff, Samuel Rhodes & Joel Krosnick"
classical.00031.wav,classical,"String Quartet in G Minor, Op. 10, L. 85: II. Assez vif et bien rythmé",Juilliard String Quartet
classical.00032.wav,classical,"Quartet In G Minor for Strings, Op. 10/III. Andantino, Doucement Expressif","Juilliard String Quartet, Robert Mann, Joel Smirnoff, Samuel Rhodes & Joel Krosnick"
classical.00033.wav,classical,"Quartet In G Minor for Strings, Op. 10/IV. Très Modéré- Très Mouvementé Et Avec Passion- Très Animé- Très Vií","Juilliard String Quartet, Robert Mann, Joel Smirnoff, Samuel Rhodes & Joel Krosnick"
classical.00034.wav,classical,Quartet In F Major for Strings/I. Allegro Moderato. Très Doux,"Juilliard String Quartet, Robert Mann, Joel Smirnoff, Samuel Rhodes & Joel Krosnick"
classical.00035.wav,classical,Quartet In F Major for Strings/II. Assez Vif - Très Rythmé,"Juilliard String Quartet, Robert Mann, Joel Smirnoff, Samuel Rhodes & Joel Krosnick"
classical.00036.wav,classical,Quartet In F Major for Strings/III. Très Lent,"Juilliard String Quartet, Robert Mann, Joel Smirnoff, Samuel Rhodes & Joel Krosnick"
classical.00037.wav,classical,Quartet In F Major for Strings/IV. Vif Et Agité,"Juilliard String Quartet, Robert Mann, Joel Smirnoff, Samuel Rhodes & Joel Krosnick"
classical.00038.wav,classical,Ainsi la Nuit for String Quartet/I. Nocturne,"Juilliard String Quartet, Robert Mann, Joel Smirnoff, Samuel Rhodes & Joel Krosnick"
classical.00039.wav,classical,Ainsi la Nuit for String Quartet/II. Miroir D'espace,"Juilliard String Quartet, Robert Mann, Joel Smirnoff, Samuel Rhodes & Joel Krosnick"
classical.00040.wav,classical,Ainsi la Nuit for String Quartet/IV. Litanies 2,"Juilliard String Quartet, Robert Mann, Joel Smirnoff, Samuel Rhodes & Joel Krosnick"
classical.00041.wav,classical,Ainsi la Nuit for String Quartet/VII. Temps Suspendu,"Juilliard String Quartet, Robert Mann, Joel Smirnoff, Samuel Rhodes & Joel Krosnick"
classical.00042.wav,classical,Sonata in the 9th Tone for 8 parts,E. Power Biggs & Vittorio Negri
classical.00043.wav,classical,"Konzert Für Waldhorn Mit Orchester - Oder Klavierbegleitung, Op. 11 (Trenner-Verz. 117): I. Allegro",Johannes Ritzkowsky & Wolfgang Swallisch
classical.00044.wav,classical,Rhapsody in Blue (Live),Leonard Bernstein & Los Angeles Philharmonic
classical.00045.wav,classical,"Fuge Für Klavier, AV 81/177","Gitti Pirner, Johannes Ritzkowsky & Wolfgang Swallisch"
classical.00046.wav,classical,"Violin Concerto No. 1, Op. 35","Kazimierz Kord, Warsaw Philharmonic Orchestra, Warsaw National Philharmonic Orchestra & Kaja Danczowska"
classical.00047.wav,classical,On the Town: Three Dance Episodes: 2. Lonely Town: Pas de Deux (Andante Sostenuto),Leonard Bernstein & Israel Philharmonic Orchestra
classical.00048.wav,classical,Rhapsody In Blue,André Previn & London Symphony Orchestra
classical.00049.wav,classical,"Symphony No. 1 in C, Op. 21: IV. Finale (Adagio - Allegro Molto e Vivace)",Gewandhausorchester & Kurt Masur
classical.00050.wav,classical,"Adagio for Strings, Op. 11",Leonard Bernstein & Los Angeles Philharmonic
classical.00051.wav,classical,"Symphony No. 6 in B Minor, Op. 74 'Pathétique': I. Adagio - Allegro non troppo",Chicago Symphony Orchestra & Daniel Barenboim
classical.00052.wav,classical,Overture Candide (Live),Los Angeles Philharmonic & Leonard Bernstein
classical.00053.wav,classical,Canzoni et sonate (21): Sonata XIII a 8,Empire Brass
classical.00054.wav,classical,"Rigoletto / Act 2: ""Mio padre!...Compiuto pur quanto""","Dame Joan Sutherland, Richard Bonynge, London Symphony Orchestra, Sherrill Milnes, Christian Du Plessis, John Gibbs & Riccardo Cassinelli"
classical.00055.wav,classical,West Side Story Symphonic Dances: II. Somewhere (Live),Los Angeles Philharmonic & Leonard Bernstein
classical.00056.wav,classical,Solemn Mass for the Feast of Sancta Maria: Kyrie a 4 (Selva morale e spirituale),"Taverner Choir, Taverner Consort & Taverner Players"
classical.00057.wav,classical,"""West Side Story"" - Symphonic Dances: III. Scherzo",Los Angeles Philharmonic & Leonard Bernstein
classical.00058.wav,classical,"3 Gymnopédies: No. 1, Lent et Grave - No. 3, Lent et douloureux",London Philharmonic Orchestra & Bernard Herrmann
classical.00059.wav,classical,Mercure,The London Festival Players & Bernard Herrmann
classical.00060.wav,classical,La belle excentrique,The London Festival Players & Bernard Herrmann
classical.00061.wav,classical,Jack in the Box,Bernard Herrmann & The London Festival Players
classical.00062.wav,classical,Saudades do Brasil,Bernard Herrmann & The London Festival Players
classical.00063.wav,classical,"Piano Sonata No. 21 in B-Flat, D. 960: I. Molto Moderato",Alfred Brendel
classical.00064.wav,classical,"Piano Sonata No. 21 in B-Flat, D. 960: II. Andante Sostenuto",Alfred Brendel
classical.00065.wav,classical,"Sonata in B-Flat Major, D. 960: III. Scherzo. Allegro vivace con delicatezza – Trio",Karin Kei Nagano
classical.00066.wav,classical,"Piano Sonata No. 21 in B-Flat, D.960: 4. Allegro Ma Non Troppo",Alfred Brendel
classical.00067.wav,classical,"Fantasy in C Major ""Wanderer""",Alfred Brendel
classical.00068.wav,classical,"Symphony No. 26 in D Minor - ""Lamentatione"": I. Allegro assai con spirito",Nicholas Ward & Northern Chamber Orchestra
classical.00069.wav,classical,"Symphony No. 26 in D Minor - ""Lamentatione"": II. Adagio",Nicholas Ward & Northern Chamber Orchestra
classical.00070.wav,classical,"Symphony No. 26 in D Minor - ""Lamentatione"": III. Minuet & Trio",Nicholas Ward & Northern Chamber Orchestra
classical.00071.wav,classical,Symphony No. 35 in B-Flat Major: I. Allegro di molto,Nicholas Ward & Northern Chamber Orchestra
classical.00072.wav,classical,Symphony No. 35 in B-Flat Major: II. Andante,Nicholas Ward & Northern Chamber Orchestra
classical.00073.wav,classical,Symphony No. 35 in B-Flat Major: III. Minuet and Trio,Nicholas Ward & Northern Chamber Orchestra
classical.00074.wav,classical,Symphony No. 35 in B-Flat Major: IV. Finale: Presto,Nicholas Ward & Northern Chamber Orchestra
classical.00075.wav,classical,"Symphony No. 49 in F Minor, Hob. I:49 - ""La Pasione"": I. Adagio",Nicholas Ward & Northern Chamber Orchestra
classical.00076.wav,classical,"Symphony No. 49 in F Minor, Hob. I:49 - ""La Pasione"": II. Allegro di molto",Nicholas Ward & Northern Chamber Orchestra
classical.00077.wav,classical,"Piano Sonata No. 8 in C Minor, Op.13 'Pathétique': I. Grave - Allegro di molto e con brio",Daniel Barenboim
classical.00078.wav,classical,"Piano Sonata No. 8 in C Minor, Op.13 'Pathétique': II. Adagio cantabile",Daniel Barenboim
classical.00079.wav,classical,"Sonata No. 8 in A Minor, K. 310: III. Presto (feat. 古典樂精選)",Ludwig van Beethoven
classical.00080.wav,classical,"Symphony No. 6 in B Minor, Op. 74 'Pathétique': I. Adagio - Allegro non troppo",Chicago Symphony Orchestra & Daniel Barenboim
classical.00081.wav,classical,"Symphony No. 6 in B Minor, Op. 74 'Pathétique': II. Allegro con grazia",Chicago Symphony Orchestra & Daniel Barenboim
classical.00082.wav,classical,Hill Song No. 2,Clark Rundell & Royal Northern College of Music Wind Orchestra
classical.00083.wav,classical,Ye Banks and Braes O'Bonnie Doon,Clark Rundell & Royal Northern College of Music Wind Orchestra
classical.00084.wav,classical,"Let's Dance Gay in Green Meadow, ""Faeroe Island Dance""",Clark Rundell & Royal Northern College of Music Wind Orchestra
classical.00085.wav,classical,The Lads of Wamphray March,Clark Rundell & Royal Northern College of Music Wind Orchestra
classical.00086.wav,classical,"Shepherd's Hey (Arr. Wright for Brass Band, Chorus and Organ)",Timothy Reynish & Royal Northern College of Music Wind Orchestra
classical.00087.wav,classical,The Merry King,Clark Rundell & Royal Northern College of Music Wind Orchestra
classical.00088.wav,classical,"Molly on the Shore, BFMS 1",Clark Rundell & Royal Northern College of Music Wind Orchestra
classical.00089.wav,classical,"The Four Seasons, Op. 8, Concerto No. 1 in E Major, RV 269, ""Spring"": I. Allegro",Leonard Slatkin & José Louis Garcia
classical.00090.wav,classical,"The Four Seasons: Violin Concerto No. 1 in E Major, ""Spring"": II. Largo","English Chamber Orchestra, Leonard Slatkin & José-Luis Garcia"
classical.00091.wav,classical,"The Four Seasons: Violin Concerto No. 1 in E Major, ""Spring"": III. Allegro","English Chamber Orchestra, Leonard Slatkin & José-Luis Garcia"
classical.00092.wav,classical,"Piccolo Concerto, For Piccolo, Strings & Continuo In A Minor, Rv 44",Maurice André & Jean-François Paillard & Jean-François Pailla
classical.00093.wav,classical,以后不会再有你 (DJ童波版伴奏),Yun Fei Fei
classical.00094.wav,classical,"The Four Seasons: Violin Concerto No. 2 in G Minor, ""Summer"": I. Allegro non molto","English Chamber Orchestra, Leonard Slatkin & José-Luis Garcia"
classical.00095.wav,classical,"The Four Seasons: Violin Concerto No. 2 in G Minor, ""Summer"": II. Adagio","English Chamber Orchestra, Leonard Slatkin & José-Luis Garcia"
classical.00096.wav,classical,"The Four Seasons - Violin Concerto in G Minor, RV 315 - ""Summer"": III. Presto","English Chamber Orchestra, José-Luis Garcia & Leonard Slatkin"
classical.00097.wav,classical,"Violin Concerto, For Violin, Strings & Continuo In A Minor, Op. 3/6, Rv",Maurice André & Jean-François Paillard & Jean-François Pailla
classical.00098.wav,classical,"The Four Seasons: Violin Concerto No. 3 in F Major, ""Autumn"": III. Allegro","English Chamber Orchestra, Leonard Slatkin & José-Luis Garcia"
classical.00099.wav,classical,"The Four Seasons: Violin Concerto No. 3 in F Major, ""Autumn"": II. Adagio molto","English Chamber Orchestra, Leonard Slatkin & José-Luis Garcia"
country.00000.wav,country,Just to Hear You Say That You Love Me (with Tim McGraw),Faith Hill
country.00001.wav,country,That's the Kind of Mood I'm In,Patty Loveless
country.00002.wav,country,Unknown Title,Unknown Subtitle
country.00003.wav,country,If Tomorrow Never Comes (Live),Garth Brooks
country.00004.wav,country,Outbound Plane,Suzy Bogguss
country.00005.wav,country,You Win My Love,Shania Twain
country.00006.wav,country,Straight Tequila Night,John Anderson
country.00007.wav,country,Best of Intentions,Travis Tritt
country.00008.wav,country,Never Knew Lonely,Vince Gill
country.00009.wav,country,Meanwhile Back At the Ranch,The Clark Family Experience
country.00010.wav,country,I Can't Stop Loving You,Johnny Tillotson
country.00011.wav,country,"A Church, a Courtroom and Then Goodbye",Patsy Cline
country.00012.wav,country,Music City U.S.A.,Bobby Bare
country.00013.wav,country,Let Your Love Flow,Loretta Lynn
country.00014.wav,country,Silver Threads and Golden Needles,Nina Martinique
country.00015.wav,country,White Lightning,Waylon Jennings
country.00016.wav,country,I Walk The Line (feat. The Tennessee Two),Johnny Cash
country.00017.wav,country,San Antonio Rose,Floyd Cramer
country.00018.wav,country,I'm Gonna Be a Country Girl Again,Billie Jo Spears
country.00019.wav,country,Shelter Of My Arms,Willie Nelson
country.00020.wav,country,Tell Laura I Love Her,Ray Peterson
country.00021.wav,country,Raindrops Keep Fallin' On My Head,B.J. Thomas
country.00022.wav,country,Love Me With All Your Heart,Karl Denver
country.00023.wav,country,Today I Started Loving You Again,Kenny Rogers
country.00024.wav,country,Your Cheatin' Heart,Hank Williams
country.00025.wav,country,Love Hurts (with The Fallen Angels)d (Live),Gram Parsons
country.00026.wav,country,Home Is Where You're Happy,Willie Nelson
country.00027.wav,country,Unknown Title,Unknown Subtitle
country.00028.wav,country,Would You Take Another Chance On Me?,Jerry Lee Lewis
country.00029.wav,country,Ridin' My Thumb To Mexico,Johnny Rodriguez
country.00030.wav,country,Unknown Title,Unknown Subtitle
country.00031.wav,country,Unknown Title,Unknown Subtitle
country.00032.wav,country,O Come All Ye Faithful,Chip Mergott
country.00033.wav,country,Teach Me To Cheat,Kendalls
country.00034.wav,country,Sally Let Your Bangs Hang Down (LEONA WILLIAMS & MERLE HAGGARD),Leona Williams & Merle Haggard
country.00035.wav,country,Oh Baby Mine (I Get So Lonely),The Statler Brothers
country.00036.wav,country,Old Violin,Johnny Paycheck
country.00037.wav,country,Don't Give Candy to a Stranger,Larry Boone
country.00038.wav,country,Unknown Title,Unknown Subtitle
country.00039.wav,country,Johnnie Can't Dance (Johnnie Peut Pas Dancer),Zydecajun & Wayne Toups
country.00040.wav,country,Dumas Walker,The Kentucky Headhunters
country.00041.wav,country,Goin' By The Book,Johnny Cash
country.00042.wav,country,Unknown Title,Unknown Subtitle
country.00043.wav,country,Cadillac Style,Sammy Kershaw
country.00044.wav,country,Unknown Title,Unknown Subtitle
country.00045.wav,country,Any Man Of Mine,Shania Twain
country.00046.wav,country,I Found My Girl In the U.S.A.,Jimmie Skinner
country.00047.wav,country,I'm the Girl In the Usa,Connie Hall
country.00048.wav,country,Running Bear,Johnny Preston
country.00049.wav,country,Out of Control,George Jones
country.00050.wav,country,Never Alone,Vince Gill
country.00051.wav,country,Never Knew Lonely,Vince Gill
country.00052.wav,country,When I Call Your Name,Vince Gill
country.00053.wav,country,Liza Jane,Vince Gill
country.00054.wav,country,Look at Us,Vince Gill
country.00055.wav,country,Take Your Memory With You,Vince Gill
country.00056.wav,country,Pocket Full of Gold,Vince Gill
country.00057.wav,country,The Heart Won't Lie (feat. Vince Gill),Reba McEntire
country.00058.wav,country,Don't Let Our Love Start Slippin' Away,Vince Gill
country.00059.wav,country,I Still Believe In You,Vince Gill
country.00060.wav,country,No Future in the Past,Vince Gill
country.00061.wav,country,Tryin' to Get Over You,Vince Gill
country.00062.wav,country,One More Last Chance,Vince Gill
country.00063.wav,country,I Can't Tell You Why,Vince Gill
country.00064.wav,country,I Will Always Love You,Dolly Parton
country.00065.wav,country,Blue Eyes Crying In The Rain,Willie Nelson
country.00066.wav,country,If You've Got The Money I've Got the Time,Willie Nelson
country.00067.wav,country,Georgia On My Mind,Willie Nelson
country.00068.wav,country,Blue Skies,Willie Nelson
country.00069.wav,country,My Heroes Have Always Been Cowboys,Willie Nelson
country.00070.wav,country,On the Road Again,Willie Nelson
country.00071.wav,country,Always On My Mind,Willie Nelson
country.00072.wav,country,City of New Orleans,Willie Nelson
country.00073.wav,country,Forgiving You Was Easy,Willie Nelson
country.00074.wav,country,Living In the Promiseland,Willie Nelson
country.00075.wav,country,Midnight Rider,Willie Nelson
country.00076.wav,country,Remember Me (When the Candle Lights Are Gleaming),Willie Nelson
country.00077.wav,country,Uncloudy Day,Willie Nelson
country.00078.wav,country,Angel Flying Too Close to the Ground,Willie Nelson
country.00079.wav,country,Last Thing I Needed First Thing This Morning,Willie Nelson
country.00080.wav,country,Nothing I Can Do About It Now,Willie Nelson
country.00081.wav,country,Long Sermon,Brad Paisley
country.00082.wav,country,Me Neither,Brad Paisley
country.00083.wav,country,Who Needs Pictures,Brad Paisley
country.00084.wav,country,Don't Breathe,Brad Paisley
country.00085.wav,country,He Didn't Have to Be,Brad Paisley
country.00086.wav,country,It Never Woulda Worked Out Anyway,Brad Paisley
country.00087.wav,country,Holdin' On to You,Brad Paisley
country.00088.wav,country,I've Been Better,Brad Paisley
country.00089.wav,country,We Danced,Brad Paisley
country.00090.wav,country,Sleepin' On the Foldout,Brad Paisley
country.00091.wav,country,Cloud of Dust,Brad Paisley
country.00092.wav,country,The Nervous Breakdown (Instrumental),Brad Paisley
country.00093.wav,country,In the Garden,Brad Paisley
country.00094.wav,country,I Just Want To Dance With You,George Strait
country.00095.wav,country,One Step at a Time,George Strait
country.00096.wav,country,TRUE,George Strait
country.00097.wav,country,Remember the Alamo,George Strait
country.00098.wav,country,Maria,George Strait
country.00099.wav,country,We Really Shouldn't Be Doing This,George Strait
disco.00000.wav,disco,Lowdown,Boz Scaggs
disco.00001.wav,disco,I Will Survive,Gloria Gaynor
disco.00002.wav,disco,Look Back Over Your Shoulder,Archie Bell & The Drells
disco.00003.wav,disco,Deputy of Love,Don Armando's 2nd Ave. Rhumba Band
disco.00004.wav,disco,Run Back,Carl Douglas
disco.00005.wav,disco,Native New Yorker,Odyssey
disco.00006.wav,disco,Romeo Juliet,Nick pauls
disco.00007.wav,disco,"So Many Men, So Little Time",Miquel Brown
disco.00008.wav,disco,"Found a Cure (12"" Disco Mix)",Ashford & Simpson
disco.00009.wav,disco,Get Up,Osibisa
disco.00010.wav,disco,Encore,Cheryl Lynn
disco.00011.wav,disco,Can You Feel It,Billy Ocean
disco.00012.wav,disco,"She's A Bad Mama Jama (She's Built, She's Stacked)",Carl Carlton
disco.00013.wav,disco,Back Off Boogaloo (Re-Record),Donna Summer
disco.00014.wav,disco,Stayin' Alive,Bee Gees
disco.00015.wav,disco,Boogie Nights,Heatwave
disco.00016.wav,disco,Sing a Song,"Earth, Wind & Fire"
disco.00017.wav,disco,You're OK,Ottawan
disco.00018.wav,disco,Sex,Sabrina
disco.00019.wav,disco,I'm Doin' Fine Now,New York City
disco.00020.wav,disco,Patches,Clarence Carter
disco.00021.wav,disco,Never Can Say Goodbye,Gloria Gaynor
disco.00022.wav,disco,Ooh What a Life (Gerd Janson & Shan Edit),Gibson Brothers
disco.00023.wav,disco,Playboy (Be Me),La Toya Jackson
disco.00024.wav,disco,"Help, Get Me Some Help",Ottawan
disco.00025.wav,disco,High Energy,Evelyn Thomas
disco.00026.wav,disco,(Do The) Salsa,La Toya Jackson
disco.00027.wav,disco,Rapper's Delight,The Sugarhill Gang
disco.00028.wav,disco,Better Do It Salsa,Gibson Brothers
disco.00029.wav,disco,Heartless,Evelyn Thomas
disco.00030.wav,disco,Latin America,Gibson Brothers
disco.00031.wav,disco,My Simple Heart,The Three Degrees
disco.00032.wav,disco,Saddle Up,David Christie
disco.00033.wav,disco,You Little Trustmaker,The Tymes
disco.00034.wav,disco,Reflections (Extended Version),Evelyn Thomas
disco.00035.wav,disco,Cuba,Gibson Brothers
disco.00036.wav,disco,Reaching for the Best,The Exciters
disco.00037.wav,disco,Que Sera Mi Vida,Gibson Brothers
disco.00038.wav,disco,I Am What I Am,Gloria Gaynor
disco.00039.wav,disco,I Can't Leave You Alone,George McCrae
disco.00040.wav,disco,Stress (Remastered),David Christie
disco.00041.wav,disco,Always and Forever,Heatwave
disco.00042.wav,disco,I Wanna Dance Wit'choo,Disco-Tex & His Sex-O-Lettes
disco.00043.wav,disco,Satisfaction Guaranteed,Harold & The Blue Notes Melvin
disco.00044.wav,disco,Hands Up,Ottawan
disco.00045.wav,disco,D.I.S.C.O.,Ottawan
disco.00046.wav,disco,Hot Stuff,Donna Summer
disco.00047.wav,disco,No More Tears (Enough Is Enough) [feat. Donna Summer],Barbra Streisand
disco.00048.wav,disco,Kung Fu Fighting,Carl Douglas
disco.00049.wav,disco,Boogie Shoes,KC and the Sunshine Band
disco.00050.wav,disco,That's the Way (I Like It),KC and the Sunshine Band
disco.00051.wav,disco,That's the Way (I Like It),KC and the Sunshine Band
disco.00052.wav,disco,In the Navy,Village People
disco.00053.wav,disco,"Knock on Wood (1985 7"" Remix)",Amii Stewart
disco.00054.wav,disco,I Want Your Love,Chic
disco.00055.wav,disco,Disco Inferno,The Trammps
disco.00056.wav,disco,Fantasy,"Earth, Wind & Fire"
disco.00057.wav,disco,Auld Lang Syne,Boney M.
disco.00058.wav,disco,Boogie Wonderland (Live),"Earth, Wind & Fire"
disco.00059.wav,disco,Let's Groove,"Earth, Wind & Fire"
disco.00060.wav,disco,Disco Inferno,The Trammps
disco.00061.wav,disco,Ring My Bell,Anita Ward
disco.00062.wav,disco,Dance With Me,Peter Brown
disco.00063.wav,disco,Disco Megamix (130 BPM),Boney M. 2000
disco.00064.wav,disco,Funkytown,"Lipps, Inc."
disco.00065.wav,disco,Shame,"Evelyn ""Champagne"" King"
disco.00066.wav,disco,Shake Your Groove Thing,Peaches & Herb
disco.00067.wav,disco,Dancing Queen,ABBA
disco.00068.wav,disco,Take A Chance On Me,ABBA
disco.00069.wav,disco,"(Shake, Shake, Shake) Shake Your Booty",KC and the Sunshine Band
disco.00070.wav,disco,That's the Way (I Like It),KC and the Sunshine Band
disco.00071.wav,disco,Get Down Tonight,KC and the Sunshine Band
disco.00072.wav,disco,Mamma Mia,ABBA
disco.00073.wav,disco,I'm Your Boogie Man,KC and the Sunshine Band
disco.00074.wav,disco,Get Down Tonight,KC and the Sunshine Band
disco.00075.wav,disco,Macho Man,Village People
disco.00076.wav,disco,Thank God It's Friday (Extended Version),Love and Kisses
disco.00077.wav,disco,Heaven Must Be Missing An Angel,Tavares
disco.00078.wav,disco,I Am What I Am (2014 Club Version),Gloria Gaynor
disco.00079.wav,disco,"Love Is Just the Game (John ""Jelly Bean"" Benitez Mix)",Peter Brown
disco.00080.wav,disco,Dazzle You,Dazzle
disco.00081.wav,disco,I'm For You,"Today, Tomorrow, Forever"
disco.00082.wav,disco,Disco Nights (Rock Freak),G.Q.
disco.00083.wav,disco,Disco Duck (Pt. 1 Vocal),Rick Dees And His Cast Of Idiots
disco.00084.wav,disco,Unknown Title,Unknown Subtitle
disco.00085.wav,disco,Wordy Rappinghood,Tom Tom Club
disco.00086.wav,disco,I Love the Nightlife (Disco 'Round),Alicia Bridges
disco.00087.wav,disco,He's My Man,The Supremes
disco.00088.wav,disco,Star Wars Theme / Cantina Band,Meco
disco.00089.wav,disco,Disco Inferno,The Trammps
disco.00090.wav,disco,Fire Island,Village People
disco.00091.wav,disco,Fly Robin Fly,Silver Convention
disco.00092.wav,disco,Heart of Glass,Blondie
disco.00093.wav,disco,The Hustle,Van McCoy & The Soul City Symphony
disco.00094.wav,disco,Why? (12'' Version) [2008 Remastered Version],Bronski Beat
disco.00095.wav,disco,Bad Girls,Donna Summer
disco.00096.wav,disco,"Shame, Shame, Shame (Vocal Version)",Shirley & Company
disco.00097.wav,disco,Do You Wanna Funk? (feat. Sylvester),Patrick Cowley
disco.00098.wav,disco,Rasputin,Boney M.
disco.00099.wav,disco,Rasputin,Boney M.
hiphop.00000.wav,hiphop,Looking For the Perfect Beat,Afrika Bambaataa & The Soul Sonic Force
hiphop.00001.wav,hiphop,Triumph,Wu-Tang Clan
hiphop.00002.wav,hiphop,Buddy (feat. Jungle Brothers & Q-Tip),De La Soul
hiphop.00003.wav,hiphop,Friday,Ice Cube
hiphop.00004.wav,hiphop,All Good? (feat. Chaka Khan),De La Soul
hiphop.00005.wav,hiphop,We Be Clubbin (Remix) [feat. Ice Cube Feat. DMX],Ice Cube
hiphop.00006.wav,hiphop,You Can Do It,"Ice Cube, Mack 10 & Ms. Toi"
hiphop.00007.wav,hiphop,Gravel Pit,Wu-Tang Clan
hiphop.00008.wav,hiphop,Slow and Low,Beastie Boys
hiphop.00009.wav,hiphop,Shake Your Rump,Beastie Boys
hiphop.00010.wav,hiphop,Skills to Pay the Bills,Beastie Boys
hiphop.00011.wav,hiphop,Root Down,Beastie Boys
hiphop.00012.wav,hiphop,Sure Shot,Beastie Boys
hiphop.00013.wav,hiphop,Body Movin' (Fatboy Slim Remix),Beastie Boys
hiphop.00014.wav,hiphop,Fight for Your Right,Beastie Boys
hiphop.00015.wav,hiphop,Bodhisattva Vow,Beastie Boys
hiphop.00016.wav,hiphop,Alive,Beastie Boys
hiphop.00017.wav,hiphop,Jimmy James (Single Version),Beastie Boys
hiphop.00018.wav,hiphop,Three MC's and One DJ,Beastie Boys
hiphop.00019.wav,hiphop,Shadrach,Beastie Boys
hiphop.00020.wav,hiphop,Brass Monkey,Beastie Boys
hiphop.00021.wav,hiphop,The Negotiation Limerick File,Beastie Boys
hiphop.00022.wav,hiphop,Get It Together,Beastie Boys
hiphop.00023.wav,hiphop,Remote Control,Beastie Boys
hiphop.00024.wav,hiphop,Hey Ladies,Beastie Boys
hiphop.00025.wav,hiphop,Intergalactic,Beastie Boys
hiphop.00026.wav,hiphop,I Can't Take It (No More) [Remix Featuring NAS],3LW
hiphop.00027.wav,hiphop,One Two,The Ambassador
hiphop.00028.wav,hiphop,Divine Lines (feat. Epsilon),Dirt featuring Epsilon
hiphop.00029.wav,hiphop,Try Again (Mixed),Aaliyah
hiphop.00030.wav,hiphop,Bluesy Baby (feat. Speech) [Ed Rush & Optical Remix],ram jam world
hiphop.00031.wav,hiphop,Most Girls,P!nk
hiphop.00032.wav,hiphop,Buddy (Native Tongue Decision),De La Soul
hiphop.00033.wav,hiphop,The Next Episode (feat. Snoop Dogg),Dr. Dre
hiphop.00034.wav,hiphop,Hip Hop Junkies,Nice & Smooth
hiphop.00035.wav,hiphop,40 Barz,Cru Thik & Ty Gracie
hiphop.00036.wav,hiphop,Brass Monkey,Beastie Boys
hiphop.00037.wav,hiphop,Three MC's and One DJ,Beastie Boys
hiphop.00038.wav,hiphop,California Love (feat. Roger Troutman & Dr. Dre),2Pac
hiphop.00039.wav,hiphop,"Every Ghetto, Every City",Lauryn Hill
hiphop.00040.wav,hiphop,Ex-Factor,Lauryn Hill
hiphop.00041.wav,hiphop,"Dog Sh*t (feat. Ol' Dirty Bastard, RZA & Method Man)",Wu-Tang Clan
hiphop.00042.wav,hiphop,Triumph,Wu-Tang Clan
hiphop.00043.wav,hiphop,Anything Can Happen,Wyclef Jean
hiphop.00044.wav,hiphop,"Guantanamera (feat. Lauryn Hill, Celia Cruz & Jeni Fujita)",Wyclef Jean
hiphop.00045.wav,hiphop,"Every Ghetto, Every City",Lauryn Hill
hiphop.00046.wav,hiphop,Check the Rhime,A Tribe Called Quest
hiphop.00047.wav,hiphop,Award Tour (feat. Trugoy the Dove),A Tribe Called Quest
hiphop.00048.wav,hiphop,Can I Kick It?,A Tribe Called Quest
hiphop.00049.wav,hiphop,Scenario,A Tribe Called Quest
hiphop.00050.wav,hiphop,Electric Relaxation,A Tribe Called Quest
hiphop.00051.wav,hiphop,Luck of Lucien,A Tribe Called Quest
hiphop.00052.wav,hiphop,Talk Much (David Morales Mix),Temper Temper
hiphop.00053.wav,hiphop,The Right One,Young MC
hiphop.00054.wav,hiphop,The Um Dee Dum Song,Young MC
hiphop.00055.wav,hiphop,I Wanna Get High,Cypress Hill
hiphop.00056.wav,hiphop,I Ain't Goin' Out Like That,Cypress Hill
hiphop.00057.wav,hiphop,Lick a Shot,Cypress Hill
hiphop.00058.wav,hiphop,3 Lil' Putos,Cypress Hill
hiphop.00059.wav,hiphop,Hits from the Bong,Cypress Hill
hiphop.00060.wav,hiphop,"What Go Around Come Around, Kid",Cypress Hill
hiphop.00061.wav,hiphop,A to the K,Cypress Hill
hiphop.00062.wav,hiphop,Keeping It Moving,A Tribe Called Quest
hiphop.00063.wav,hiphop,Find a Way,A Tribe Called Quest
hiphop.00064.wav,hiphop,Sucka N***a,A Tribe Called Quest
hiphop.00065.wav,hiphop,Check the Rhime,A Tribe Called Quest
hiphop.00066.wav,hiphop,Bonita Applebum (includes 'Can I Kick It' Intro),A Tribe Called Quest
hiphop.00067.wav,hiphop,Award Tour (feat. Trugoy the Dove),A Tribe Called Quest
hiphop.00068.wav,hiphop,Can I Kick It?,A Tribe Called Quest
hiphop.00069.wav,hiphop,Scenario,A Tribe Called Quest
hiphop.00070.wav,hiphop,Buggin' Out,A Tribe Called Quest
hiphop.00071.wav,hiphop,If the Papes Come,A Tribe Called Quest
hiphop.00072.wav,hiphop,Electric Relaxation,A Tribe Called Quest
hiphop.00073.wav,hiphop,Jazz (We've Got),A Tribe Called Quest
hiphop.00074.wav,hiphop,I Left My Wallet In El Segundo (Vampire Mix),A Tribe Called Quest
hiphop.00075.wav,hiphop,Stressed Out (feat. Faith Evans) [LP Version],A Tribe Called Quest
hiphop.00076.wav,hiphop,My Baby (feat. Da Angels),50 Cent
hiphop.00077.wav,hiphop,What's It Gonna Be?! (feat. Janet Jackson),Busta Rhymes
hiphop.00078.wav,hiphop,My Baby (feat. Da Angels),50 Cent
hiphop.00079.wav,hiphop,The Real Slim Shady,Eminem
hiphop.00080.wav,hiphop,Unknown Title,Unknown Subtitle
hiphop.00081.wav,hiphop,Contract On the World Love Jam (Instrumental),Public Enemy
hiphop.00082.wav,hiphop,Brothers Gonna Work It Out,Public Enemy
hiphop.00083.wav,hiphop,911 Is A Joke,Public Enemy
hiphop.00084.wav,hiphop,Incident At 66.6 FM (Instrumental),Public Enemy
hiphop.00085.wav,hiphop,Te Amo,Makano
hiphop.00086.wav,hiphop,Pollywanacraka,Public Enemy
hiphop.00087.wav,hiphop,Anti-N****r Machine,Public Enemy
hiphop.00088.wav,hiphop,Burn Hollywood Burn,Public Enemy
hiphop.00089.wav,hiphop,Power To the People,Public Enemy
hiphop.00090.wav,hiphop,Who Stole the Soul?,Public Enemy
hiphop.00091.wav,hiphop,Fear of a Black Planet,Public Enemy
hiphop.00092.wav,hiphop,Revolutionary Generation,Public Enemy
hiphop.00093.wav,hiphop,"Can't Do Nuttin' For Ya, Man!",Public Enemy
hiphop.00094.wav,hiphop,Reggie Jax,Public Enemy
hiphop.00095.wav,hiphop,Leave This Off Your Fu*Kin Charts (Instrumental),Public Enemy
hiphop.00096.wav,hiphop,B Side Wins Again,Public Enemy
hiphop.00097.wav,hiphop,War At 33 1/3,Public Enemy
hiphop.00098.wav,hiphop,Fight The Power,Public Enemy
hiphop.00099.wav,hiphop,Let's Stay Together (Together Forever) [feat. Jagged Edge],Run-DMC
jazz.00000.wav,jazz,"On the Town, 3 Dance Episodes: I. Dance of the Great Lover. Allegro pesante (Live)",Israel Philharmonic Orchestra & Leonard Bernstein
jazz.00001.wav,jazz,Symphonic Dances from West Side Story: I. Prologue (Live),Los Angeles Philharmonic & Leonard Bernstein
jazz.00002.wav,jazz,'Round Midnight,James Carter
jazz.00003.wav,jazz,You Never told Me That You Care,James Carter
jazz.00004.wav,jazz,The Intimacy of My Woman's Beautiful Eyes,James Carter
jazz.00005.wav,jazz,1944 Stomp,James Carter
jazz.00006.wav,jazz,The Stevedore's Serenade,James Carter
jazz.00007.wav,jazz,Born to Be Blue,James Carter
jazz.00008.wav,jazz,Deep Throat Blues,James Carter
jazz.00009.wav,jazz,A Ballad for a Doll,James Carter
jazz.00010.wav,jazz,Eventide,James Carter
jazz.00011.wav,jazz,Lonnie's Lament (Live),Joe Lovano
jazz.00012.wav,jazz,Reflections (Live),Joe Lovano
jazz.00013.wav,jazz,Little Willie Leaps (Live),Joe Lovano
jazz.00014.wav,jazz,This Is All I Ask (Live),Joe Lovano
jazz.00015.wav,jazz,26-2 (Live),Joe Lovano
jazz.00016.wav,jazz,Duke Ellington Sound of Love (Live),Joe Lovano
jazz.00017.wav,jazz,Sounds of Joy (Live),Joe Lovano
jazz.00018.wav,jazz,Fort Worth (Live),Joe Lovano
jazz.00019.wav,jazz,Birds of Springtimes Gone By (Live),Joe Lovano
jazz.00020.wav,jazz,I Can't Get Started (Live),Joe Lovano
jazz.00021.wav,jazz,Uprising (Live),Joe Lovano
jazz.00022.wav,jazz,Sail Away (Live),Joe Lovano
jazz.00023.wav,jazz,Blues Not to Lose (Live),Joe Lovano
jazz.00024.wav,jazz,Song and Dance (Live),Joe Lovano
jazz.00025.wav,jazz,Roused About,Branford Marsalis
jazz.00026.wav,jazz,The Beautyful Ones Are Not Yet Born,Branford Marsalis Trio
jazz.00027.wav,jazz,Xavier's Lair,Branford Marsalis Trio
jazz.00028.wav,jazz,Cain & Abel,Branford Marsalis Trio
jazz.00029.wav,jazz,Citizen Tain,Branford Marsalis Trio
jazz.00030.wav,jazz,Gilligan's Isle,Branford Marsalis Trio
jazz.00031.wav,jazz,Dewey Baby,Branford Marsalis Trio
jazz.00032.wav,jazz,Beat's Remark,Branford Marsalis Trio
jazz.00033.wav,jazz,Body and Soul,Coleman Hawkins
jazz.00034.wav,jazz,Dinah,Lionel Hampton
jazz.00035.wav,jazz,April In Paris,Coleman Hawkins & Manny Albam
jazz.00036.wav,jazz,Sugar Foot Stomp,Fletcher Henderson
jazz.00037.wav,jazz,I've Got the World On a String,"Henry ""Red"" Allen"
jazz.00038.wav,jazz,Under Paris Skies,Coleman Hawkins
jazz.00039.wav,jazz,When Lights Are Low,Lionel Hampton
jazz.00040.wav,jazz,She's Funny That Way,Coleman Hawkins and His Orchestra
jazz.00041.wav,jazz,The Sheik of Araby,Coleman Hawkins All Star Octet
jazz.00042.wav,jazz,Say It Isn't So,Coleman Hawkins & His 52nd Street All Stars
jazz.00043.wav,jazz,I Love Paris,Coleman Hawkins & Manny Albam and His Orchestra
jazz.00044.wav,jazz,Sweet Lorraine,"Henry ""Red"" Allen"
jazz.00045.wav,jazz,How Strange,Coleman Hawkins and His Orchestra
jazz.00046.wav,jazz,Spotlite,Coleman Hawkins
jazz.00047.wav,jazz,Unknown Title,Unknown Subtitle
jazz.00048.wav,jazz,Unknown Title,Unknown Subtitle
jazz.00049.wav,jazz,April In Paris (feat. Clifford Brown),Sarah Vaughan
jazz.00050.wav,jazz,Unknown Title,Unknown Subtitle
jazz.00051.wav,jazz,Body and Soul,Coleman Hawkins
jazz.00052.wav,jazz,Dear Rudy (feat. Antonio Hart & Bill Cunliffe),Terell Stafford
jazz.00053.wav,jazz,Dinah,Lionel Hampton
jazz.00054.wav,jazz,None,None
jazz.00055.wav,jazz,April In Paris,Coleman Hawkins & Manny Albam
jazz.00056.wav,jazz,For Adults Only,Joris Teepe Quintet
jazz.00057.wav,jazz,There Will Never Be Another You,Billy Byers and His Orchestra & Coleman Hawkins
jazz.00058.wav,jazz,Sugar Foot Stomp,Fletcher Henderson
jazz.00059.wav,jazz,Georgia,Charles Lloyd
jazz.00060.wav,jazz,I've Got the World On a String,"Henry ""Red"" Allen"
jazz.00061.wav,jazz,You're Looking at Me,"Johnny O'Neal, Dave Young & Terry Clarke"
jazz.00062.wav,jazz,Under Paris Skies,Coleman Hawkins
jazz.00063.wav,jazz,I'll Never Be the Same,"Ahmed Abdullah, Marshall Allen, Clifford Barbaro, John Gilmore, Gilmore, Tyrone Hill, Ron Mcbee, Sun Ra, Sun Ra Arkestra, Knoel Scott, Jorge Silva & June Tyson"
jazz.00064.wav,jazz,"Jeepers, Creepers",Lester Young
jazz.00065.wav,jazz,When Lights Are Low,Lionel Hampton
jazz.00066.wav,jazz,Unknown Title,Unknown Subtitle
jazz.00067.wav,jazz,She's Funny That Way,Coleman Hawkins and His Orchestra
jazz.00068.wav,jazz,Say It Isn't So,Coleman Hawkins & His 52nd Street All Stars
jazz.00069.wav,jazz,I Love Paris,Coleman Hawkins & Manny Albam and His Orchestra
jazz.00070.wav,jazz,Sweet Lorraine,"Henry ""Red"" Allen"
jazz.00071.wav,jazz,How Strange,Coleman Hawkins and His Orchestra
jazz.00072.wav,jazz,Spotlite,Coleman Hawkins
jazz.00073.wav,jazz,"Scrapple From The Apple (feat. Bud Powell, Pierre Michelot & Kenny Clarke)",Dexter Gordon
jazz.00074.wav,jazz,"Willow Weep For Me (feat. Bud Powell, Pierre Michelot & Kenny Clarke)",Dexter Gordon
jazz.00075.wav,jazz,"Broadway (feat. Bud Powell, Pierre Michelot & Kenny Clarke)",Dexter Gordon
jazz.00076.wav,jazz,"Stairway To The Stars (feat. Bud Powell, Pierre Michelot & Kenny Clarke)",Dexter Gordon
jazz.00077.wav,jazz,"A Night In Tunisia (feat. Bud Powell, Pierre Michelot & Kenny Clarke)",Dexter Gordon
jazz.00078.wav,jazz,Our Love Is Here To Stay,Dexter Gordon
jazz.00079.wav,jazz,Sister Cheryl,Tony Williams
jazz.00080.wav,jazz,Life of the Party,Tony Williams
jazz.00081.wav,jazz,Geo Rose,Tony Williams
jazz.00082.wav,jazz,The Slump,Tony Williams
jazz.00083.wav,jazz,Red Mask,Tony Williams
jazz.00084.wav,jazz,Juicy Fruit,Tony Williams
jazz.00085.wav,jazz,Crystal Palace,Tony Williams
jazz.00086.wav,jazz,Blackbird,Tony Williams
jazz.00087.wav,jazz,So What,Miles Davis
jazz.00088.wav,jazz,Freddie Freeloader,Miles Davis
jazz.00089.wav,jazz,Blue In Green,Miles Davis
jazz.00090.wav,jazz,All Blues,Miles Davis
jazz.00091.wav,jazz,Flamenco Sketches,Miles Davis
jazz.00092.wav,jazz,Flamenco Sketches (Alternate Take),Miles Davis
jazz.00093.wav,jazz,Brazilian Affair,Bob Mintzer Big Band
jazz.00094.wav,jazz,Miles Ahead,Joe Henderson
jazz.00095.wav,jazz,Joshua,Joe Henderson
jazz.00096.wav,jazz,Pfrancing (No Blues),Joe Henderson
jazz.00097.wav,jazz,Flamenco Sketches,Joe Henderson
jazz.00098.wav,jazz,Milestones,Joe Henderson
jazz.00099.wav,jazz,Teo,Joe Henderson
metal.00000.wav,metal,Mindtraveller,Falconer
metal.00001.wav,metal,Beyond the Black Hole,Gamma Ray
metal.00002.wav,metal,Flight of Icarus,Iron Maiden
metal.00003.wav,metal,Metal Thrashing Mad,Anthrax
metal.00004.wav,metal,Of Chaos and Eternal Night,Dark Tranquillity
metal.00005.wav,metal,Wasted Years (2015 Remaster),Iron Maiden
metal.00006.wav,metal,Theatre of Pain (Remastered 2007),Blind Guardian
metal.00007.wav,metal,Die By My Hand,Coroner
metal.00008.wav,metal,Balls to the Wall,Accept
metal.00009.wav,metal,Angel's Retreat,Tvangeste
metal.00010.wav,metal,My Faeryland Forgotten,Dark Tranquillity
metal.00011.wav,metal,Unknown Title,Unknown Subtitle
metal.00012.wav,metal,"Away, Delight, Away",Dark Tranquillity
metal.00013.wav,metal,Of Chaos and Eternal Night,Dark Tranquillity
metal.00014.wav,metal,With the Flaming Shades of Fall,Dark Tranquillity
metal.00015.wav,metal,Nightfall By the Shore of Time,Dark Tranquillity
metal.00016.wav,metal,Disciple,Slayer
metal.00017.wav,metal,Angel Of Death,Slayer
metal.00018.wav,metal,Darkness of Christ,Slayer
metal.00019.wav,metal,Piece By Piece,Slayer
metal.00020.wav,metal,Necrophobic,Slayer
metal.00021.wav,metal,I'm Eighteen,Anthrax
metal.00022.wav,metal,Crazy Train,Ozzy Osbourne
metal.00023.wav,metal,Unknown Title,Unknown Subtitle
metal.00024.wav,metal,Kinescope,Jacob's Dream
metal.00025.wav,metal,Peace Sells,Megadeth
metal.00026.wav,metal,Across the River,Anthrax
metal.00027.wav,metal,Got The Time,Anthrax
metal.00028.wav,metal,Ace of Spades,Motörhead
metal.00029.wav,metal,Glamour Boys,Living Colour
metal.00030.wav,metal,Trust,Megadeth
metal.00031.wav,metal,Born to Raise Hell,Motörhead
metal.00032.wav,metal,Blackout,Scorpions
metal.00033.wav,metal,Enter Sandman,Motörhead
metal.00034.wav,metal,The Trooper,Iron Maiden
metal.00035.wav,metal,Bloodline,Slayer
metal.00036.wav,metal,In a Gadda Da Vida,Slayer
metal.00037.wav,metal,And the Bands Played On,Saxon
metal.00038.wav,metal,...And Justice for All,Metallica
metal.00039.wav,metal,Unknown Title,Unknown Subtitle
metal.00040.wav,metal,Stand Up and Shout,Dio
metal.00041.wav,metal,Gypsy,Dio
metal.00042.wav,metal,Caught In the Middle,Dio
metal.00043.wav,metal,Straight Through the Heart,Dio
metal.00044.wav,metal,Rainbow In the Dark,Dio
metal.00045.wav,metal,Shame On the Night,Dio
metal.00046.wav,metal,Hammerless Nail,New Bomb Turks
metal.00047.wav,metal,Bachelor's High,New Bomb Turks
metal.00048.wav,metal,Professional Againster,New Bomb Turks
metal.00049.wav,metal,Cultural Elite Sign - Up Sheet,New Bomb Turks
metal.00050.wav,metal,Jukebox Lean,New Bomb Turks
metal.00051.wav,metal,Jeers of a Clown,New Bomb Turks
metal.00052.wav,metal,Look Alive Jive,New Bomb Turks
metal.00053.wav,metal,Staring Down the Gift Horse,New Bomb Turks
metal.00054.wav,metal,Shoot the Offshoot,New Bomb Turks
metal.00055.wav,metal,Drop What You're Doin',New Bomb Turks
metal.00056.wav,metal,Telephone Numbrrr,New Bomb Turks
metal.00057.wav,metal,Wrest Your Hands,New Bomb Turks
metal.00058.wav,metal,Tie Your Mother Down (Live),Queen
metal.00059.wav,metal,Tear It Up (Live),Queen
metal.00060.wav,metal,We Will Rock You (Live),Queen
metal.00061.wav,metal,Stand Up and Shout,Dio
metal.00062.wav,metal,Gypsy,Dio
metal.00063.wav,metal,Caught In the Middle,Dio
metal.00064.wav,metal,Straight Through the Heart,Dio
metal.00065.wav,metal,Rainbow In the Dark,Dio
metal.00066.wav,metal,Shame On the Night,Dio
metal.00067.wav,metal,Big Gun,AC/DC
metal.00068.wav,metal,Breaking the Law,Judas Priest
metal.00069.wav,metal,Paranoid,Black Sabbath
metal.00070.wav,metal,Highway to Hell,AC/DC
metal.00071.wav,metal,Pour Some Sugar On Me,Def Leppard
metal.00072.wav,metal,Unknown Title,Unknown Subtitle
metal.00073.wav,metal,The Memory Remains (feat. Marianne Faithfull),Metallica
metal.00074.wav,metal,Unknown Title,Unknown Subtitle
metal.00075.wav,metal,Until It Sleeps,Metallica
metal.00076.wav,metal,Seek & Destroy,Metallica
metal.00077.wav,metal,Hell Patrol,Judas Priest
metal.00078.wav,metal,Prince Charming,Metallica
metal.00079.wav,metal,Photograph,Def Leppard
metal.00080.wav,metal,Rocket,Def Leppard
metal.00081.wav,metal,Live and Let Die,Guns N' Roses
metal.00082.wav,metal,Welcome to the Jungle,Guns N' Roses
metal.00083.wav,metal,For Whom the Bell Tolls,Metallica
metal.00084.wav,metal,Shock the Monkey,Coal Chamber
metal.00085.wav,metal,Unknown Title,Unknown Subtitle
metal.00086.wav,metal,You Give Love a Bad Name,Bon Jovi
metal.00087.wav,metal,So What,Metallica
metal.00088.wav,metal,Twist of Cain,Danzig
metal.00089.wav,metal,Apokalips,Danzig
metal.00090.wav,metal,Symptom of the Universe,Black Sabbath
metal.00091.wav,metal,Sabbath Bloody Sabbath,Black Sabbath
metal.00092.wav,metal,Run to the Hills (2015 Remaster),Iron Maiden
metal.00093.wav,metal,Phantom of the Opera,Iron Maiden
metal.00094.wav,metal,The Trooper,Iron Maiden
metal.00095.wav,metal,Bombtrack,Rage Against the Machine
metal.00096.wav,metal,Killing In The Name,Rage Against the Machine
metal.00097.wav,metal,Wake Up,Rage Against the Machine
metal.00098.wav,metal,Fistful Of Steel,Rage Against the Machine
metal.00099.wav,metal,Freedom,Rage Against the Machine
pop.00000.wav,pop,Mammagamma (Extended Version),Axel Force
pop.00001.wav,pop,Wasting My Time,Spice Girls
pop.00002.wav,pop,My All (Classic Radio Club Mix),Mariah Carey
pop.00003.wav,pop,Hand In My Pocket,Alanis Morissette
pop.00004.wav,pop,Head Over Feet,Alanis Morissette
pop.00005.wav,pop,Ironic,Alanis Morissette
pop.00006.wav,pop,Unknown Title,Unknown Subtitle
pop.00007.wav,pop,Uninvited,Alanis Morissette
pop.00008.wav,pop,You Learn,Alanis Morissette
pop.00009.wav,pop,You Oughta Know,Alanis Morissette
pop.00010.wav,pop,Every Breath You Take,Robert Downey Jr. And Sting
pop.00011.wav,pop,The Prayer,Andrea Bocelli & Céline Dion
pop.00012.wav,pop,A Natural Woman,"Aretha Franklin, Carole King, Céline Dion, Gloria Estefan, Mariah Carey & Shania Twain"
pop.00013.wav,pop,Every Time I Close My Eyes,"Babyface, Mariah Carey, Kenny G & Sheila E."
pop.00014.wav,pop,Unknown Title,Unknown Subtitle
pop.00015.wav,pop,(You Drive Me) Crazy,Britney Spears
pop.00016.wav,pop,(I Can't Get No) Satisfaction,Britney Spears
pop.00017.wav,pop,(I Can't Get No) Satisfaction,Britney Spears
pop.00018.wav,pop,Autumn Goodbye (2009 Remaster),Britney Spears
pop.00019.wav,pop,...Baby One More Time,Britney Spears
pop.00020.wav,pop,Can't Make You Love Me,Britney Spears
pop.00021.wav,pop,Crazy,Britney Spears
pop.00022.wav,pop,(You Drive Me) Crazy,Britney Spears
pop.00023.wav,pop,I'm So Curious (2009 Remaster),Britney Spears
pop.00024.wav,pop,Deep In My Heart,Britney Spears
pop.00025.wav,pop,From the Bottom of My Broken Heart,Britney Spears
pop.00026.wav,pop,I'll Never Stop Loving You (2009 Remaster),Britney Spears
pop.00027.wav,pop,Born to Make You Happy,Britney Spears
pop.00028.wav,pop,I Will Be There,Britney Spears
pop.00029.wav,pop,I Will Still Love You (With Don Phillip),Britney Spears
pop.00030.wav,pop,Lucky,Britney Spears
pop.00031.wav,pop,Lucky,Britney Spears
pop.00032.wav,pop,Oops!...I Did It Again,Britney Spears
pop.00033.wav,pop,The Joy Of Pepsi,Britney Spears
pop.00034.wav,pop,Sometimes,Britney Spears
pop.00035.wav,pop,Stronger,Britney Spears
pop.00036.wav,pop,Thinkin' About You,Britney Spears
pop.00037.wav,pop,(You Drive Me) Crazy,Britney Spears
pop.00038.wav,pop,What U See (Is What U Get),Britney Spears
pop.00039.wav,pop,Dreamin' of You,Céline Dion
pop.00040.wav,pop,I Want You to Need Me,Céline Dion
pop.00041.wav,pop,A Whole New World (Aladdin's Theme),Peabo Bryson & Regina Belle
pop.00042.wav,pop,That's the Way It Is,Céline Dion
pop.00043.wav,pop,Believe,Cher
pop.00044.wav,pop,Come On Over (All I Want Is You),Christina Aguilera
pop.00045.wav,pop,Genie In a Bottle,Christina Aguilera
pop.00046.wav,pop,Genie In a Bottle,Christina Aguilera
pop.00047.wav,pop,Lady Marmalade,"Christina Aguilera, Lil' Kim, Mýa & P!nk"
pop.00048.wav,pop,Unknown Title,Unknown Subtitle
pop.00049.wav,pop,Pero Me Acuerdo de Tí,Christina Aguilera
pop.00050.wav,pop,What a Girl Wants,Christina Aguilera
pop.00051.wav,pop,Lady Marmalade,"Christina Aguilera, Lil' Kim, Mýa & P!nk"
pop.00052.wav,pop,Bootylicious,Destiny's Child
pop.00053.wav,pop,#262: Miracle Cures,This American Life
pop.00054.wav,pop,Bootylicious (Rockwilder Remix),Destiny's Child
pop.00055.wav,pop,Bug a Boo (H-Town Screwed Mix) [#1's Edit],Destiny's Child
pop.00056.wav,pop,"Jumpin', Jumpin'",Destiny's Child
pop.00057.wav,pop,Bootylicious,Destiny's Child
pop.00058.wav,pop,"Independent Women, Pt. 1",Destiny's Child
pop.00059.wav,pop,"Jumpin', Jumpin'",Destiny's Child
pop.00060.wav,pop,Bootylicious (Rockwilder Remix),Destiny's Child
pop.00061.wav,pop,Apple Pie à la Mode,Destiny's Child
pop.00062.wav,pop,Survivor,Destiny's Child
pop.00063.wav,pop,Unknown Title,Unknown Subtitle
pop.00064.wav,pop,If It Don't Fit (Thunder Dub),Abigail
pop.00065.wav,pop,Channels for Success,Jokers of the Scene
pop.00066.wav,pop,Could I Have This Kiss Forever (Baladas),Whitney Houston And Enrique Iglesias
pop.00067.wav,pop,All For You,Janet Jackson
pop.00068.wav,pop,Someone to Call My Lover,Janet Jackson
pop.00069.wav,pop,If,Janet Jackson
pop.00070.wav,pop,I Get Lonely,Janet Jackson
pop.00071.wav,pop,All For You,Janet Jackson
pop.00072.wav,pop,Miss You Much,Janet Jackson
pop.00073.wav,pop,Someone to Call My Lover,Janet Jackson
pop.00074.wav,pop,I'm Real (Remix) [feat. Ja Rule],Jennifer Lopez
pop.00075.wav,pop,If You Had My Love,Jennifer Lopez
pop.00076.wav,pop,Dance With Me,Jennifer Lopez
pop.00077.wav,pop,I'm Real,Jennifer Lopez
pop.00078.wav,pop,Play,Jennifer Lopez
pop.00079.wav,pop,Cloudbusting,Kate Bush
pop.00080.wav,pop,Lady Marmalade,"Christina Aguilera, Lil' Kim, Mýa & P!nk"
pop.00081.wav,pop,Leaning on the Everlasting Arm,Ladysmith Black Mambazo
pop.00082.wav,pop,If You Had My Love (Pablo Flores Remix),Jennifer Lopez
pop.00083.wav,pop,American Pie,Madonna
pop.00084.wav,pop,Don't Tell Me,Madonna
pop.00085.wav,pop,Music,Madonna
pop.00086.wav,pop,Cherish,Madonna
pop.00087.wav,pop,Crush,Mandy Moore
pop.00088.wav,pop,Candy,Mandy Moore
pop.00089.wav,pop,Candy,Mandy Moore
pop.00090.wav,pop,Crush,Mandy Moore
pop.00091.wav,pop,Everything My Heart Desires,Mandy Moore
pop.00092.wav,pop,In My Pocket,Mandy Moore
pop.00093.wav,pop,Retro City,JosiahD3
pop.00094.wav,pop,I Wanna Be With You,Mandy Moore
pop.00095.wav,pop,Love You for Always,Mandy Moore
pop.00096.wav,pop,Quit Breaking My Heart,Mandy Moore
pop.00097.wav,pop,Sweetheart (feat. Jermaine Dupri),Mariah Carey
pop.00098.wav,pop,Emotions,Mariah Carey
pop.00099.wav,pop,Always Be My Baby,Mariah Carey
reggae.00000.wav,reggae,Is This Love,Bob Marley & The Wailers
reggae.00001.wav,reggae,"No Woman, No Cry (Live at the Lyceum, London/1975)",Bob Marley & The Wailers
reggae.00002.wav,reggae,Could You Be Loved,Bob Marley & The Wailers
reggae.00003.wav,reggae,Three Little Birds,Bob Marley & The Wailers
reggae.00004.wav,reggae,Buffalo Soldier,Bob Marley & The Wailers
reggae.00005.wav,reggae,"Get Up, Stand Up",Bob Marley & The Wailers
reggae.00006.wav,reggae,Stir It Up,Bob Marley & The Wailers
reggae.00007.wav,reggae,One Love / People Get Ready,Bob Marley & The Wailers
reggae.00008.wav,reggae,I Shot The Sheriff,Bob Marley & The Wailers
reggae.00009.wav,reggae,Waiting In Vain,Bob Marley & The Wailers
reggae.00010.wav,reggae,Redemption Song,Bob Marley & The Wailers
reggae.00011.wav,reggae,Satisfy My Soul,Bob Marley & The Wailers
reggae.00012.wav,reggae,Exodus,Bob Marley & The Wailers
reggae.00013.wav,reggae,Jamming,Bob Marley & The Wailers
reggae.00014.wav,reggae,Natural Mystic,Bob Marley & The Wailers
reggae.00015.wav,reggae,Easy Skanking,Bob Marley & The Wailers
reggae.00016.wav,reggae,Iron Lion Zion,Bob Marley & The Wailers
reggae.00017.wav,reggae,Crazy Baldhead,Bob Marley & The Wailers
reggae.00018.wav,reggae,So Much Trouble In The World,Bob Marley & The Wailers
reggae.00019.wav,reggae,War,Bob Marley & The Wailers
reggae.00020.wav,reggae,Africa Unite,Bob Marley & The Wailers
reggae.00021.wav,reggae,Trenchtown Rock (Live 1975),Bob Marley
reggae.00022.wav,reggae,Keep On Moving,Bob Marley & The Wailers
reggae.00023.wav,reggae,Sun Is Shining,Bob Marley
reggae.00024.wav,reggae,Who the Cap Fit,Bob Marley & The Wailers
reggae.00025.wav,reggae,One Drop,Bob Marley & The Wailers
reggae.00026.wav,reggae,"Roots, Rock, Reggae",Bob Marley & The Wailers
reggae.00027.wav,reggae,Pimper's Paradise,Bob Marley & The Wailers
reggae.00028.wav,reggae,Dub Creation,Burning Spear
reggae.00029.wav,reggae,Africa,Burning Spear
reggae.00030.wav,reggae,Stand,Burning Spear
reggae.00031.wav,reggae,Not Stupid,Burning Spear
reggae.00032.wav,reggae,Remember,Burning Spear
reggae.00033.wav,reggae,Burning Reggae,Burning Spear
reggae.00034.wav,reggae,Rasta Business,Burning Spear
reggae.00035.wav,reggae,Dub Old Timer,Burning Spear
reggae.00036.wav,reggae,Subject In School,Burning Spear
reggae.00037.wav,reggae,Hello Rastaman,Burning Spear
reggae.00038.wav,reggae,Investigation Dub,Burning Spear
reggae.00039.wav,reggae,World Dub,Burning Spear
reggae.00040.wav,reggae,Loving Day,Burning Spear
reggae.00041.wav,reggae,Israelites,Desmond Dekker & The Aces
reggae.00042.wav,reggae,Dry & Heavy,Burning Spear
reggae.00043.wav,reggae,Reggae Hit the Town,The Ethiopians
reggae.00044.wav,reggae,Burning Reggae,Burning Spear
reggae.00045.wav,reggae,Unfaithful Baby - Original,The Heptones
reggae.00046.wav,reggae,It's Magic,Dennis Brown
reggae.00047.wav,reggae,Money In My Pocket,Dennis Brown
reggae.00048.wav,reggae,Westbound Train (Extended),Dennis Brown
reggae.00049.wav,reggae,007 (Shanty Town),Desmond Dekker
reggae.00050.wav,reggae,Identity,Burning Spear
reggae.00051.wav,reggae,Eyes of the Night,Jamie Jones & Darius Syrossian
reggae.00052.wav,reggae,Ghetto Supastar (That Is What You Are),Pras
reggae.00053.wav,reggae,Jah Dread,Rockers All Stars
reggae.00054.wav,reggae,Three Little Birds,Bob Marley & The Wailers
reggae.00055.wav,reggae,Sun Is Shining (Extended Club Mix),Bob Marley
reggae.00056.wav,reggae,"Get Up, Stand Up",Bob Marley & The Wailers
reggae.00057.wav,reggae,I Shot The Sheriff,Bob Marley & The Wailers
reggae.00058.wav,reggae,Jamming,Bob Marley & The Wailers
reggae.00059.wav,reggae,One Love / People Get Ready,Bob Marley & The Wailers
reggae.00060.wav,reggae,Redemption Song,Bob Marley & The Wailers
reggae.00061.wav,reggae,Living Dangerously,Barrington Levy & Bounty Killer
reggae.00062.wav,reggae,Jah Is My Driver (Remastered),Burning Spear
reggae.00063.wav,reggae,Marcus Garvey,Burning Spear
reggae.00064.wav,reggae,Make It Easy,Dennis Brown
reggae.00065.wav,reggae,Rub a Dub All the Time (A.k.A. If This World Were Mine),Dennis Brown
reggae.00066.wav,reggae,Sitting and Watching,Dennis Brown
reggae.00067.wav,reggae,Some Like It Hot,Dennis Brown
reggae.00068.wav,reggae,Wolf & Leopards / Nosey Joe,Dennis Brown & Bongo Herman
reggae.00069.wav,reggae,Israelites,Desmond Dekker & The Aces
reggae.00070.wav,reggae,John Law,"Freddie McGregor, Gregory Isaacs & Ninjaman"
reggae.00071.wav,reggae,Big Ship,Freddie McGregor
reggae.00072.wav,reggae,Prophecy,Freddie McGregor
reggae.00073.wav,reggae,Hip-Hopera,Fugees & Bounty Killer
reggae.00074.wav,reggae,Hip-Hopera,Fugees & Bounty Killer
reggae.00075.wav,reggae,Legalize It,Peter Tosh
reggae.00076.wav,reggae,Night Nurse,Simply Red
reggae.00077.wav,reggae,The Border (Live),Gregory Isaacs
reggae.00078.wav,reggae,Universal Tribulation,Gregory Isaacs
reggae.00079.wav,reggae,Chicken Halk Dub,Niney the Observer
reggae.00080.wav,reggae,Here Comes the Hotstepper (Heartical Mix),Ini Kamoze
reggae.00081.wav,reggae,Here Comes the Hotstepper (Heartical Mix),Ini Kamoze
reggae.00082.wav,reggae,Here Comes the Hotstepper (Heartical Mix),Ini Kamoze
reggae.00083.wav,reggae,"Many Rivers To Cross (From ""The Harder They Come"" Soundtrack)",Jimmy Cliff
reggae.00084.wav,reggae,The Harder They Come,Jimmy Cliff
reggae.00085.wav,reggae,Judge Dread,Prince Buster
reggae.00086.wav,reggae,Splash Out Dub,King Tubby
reggae.00087.wav,reggae,Turn Your Lights Down Low (feat. Lauryn Hill),Bob Marley
reggae.00088.wav,reggae,Electric Boogie,Marcia Griffiths
reggae.00089.wav,reggae,Boney Dog,Peter Tosh
reggae.00090.wav,reggae,Ketchy Shuby,Peter Tosh
reggae.00091.wav,reggae,Legalize It,Peter Tosh
reggae.00092.wav,reggae,Legalize It,Peter Tosh
reggae.00093.wav,reggae,(You Gotta Walk) Don't Look Back (Live),Peter Tosh
reggae.00094.wav,reggae,Ten Commandments,Prince Buster
reggae.00095.wav,reggae,Madness,Prince Buster
reggae.00096.wav,reggae,Barrister Pardon,Prince Buster
reggae.00097.wav,reggae,Here Comes The Bride,Prince Buster
reggae.00098.wav,reggae,Don't Throw Stones,Prince Buster
reggae.00099.wav,reggae,Al Capone,Prince Buster
rock.00000.wav,rock,Potion,Morphine
rock.00001.wav,rock,I Know You (Pt. III),Morphine
rock.00002.wav,rock,Early to Bed,Morphine
rock.00003.wav,rock,Wishing Well,Morphine
rock.00004.wav,rock,Like Swimming,Morphine
rock.00005.wav,rock,Murder For the Money,George S. Clinton & Morphine
rock.00006.wav,rock,French Fries W- Pepper,Morphine
rock.00007.wav,rock,Empty Box,Morphine
rock.00008.wav,rock,Eleven O'clock,Morphine
rock.00009.wav,rock,Hanging On a Curtain,Morphine
rock.00010.wav,rock,Worthy,Ani DiFranco
rock.00011.wav,rock,Cradle and All,Ani DiFranco
rock.00012.wav,rock,Shy,Ani DiFranco
rock.00013.wav,rock,32 Flavors,Ani DiFranco
rock.00014.wav,rock,Asking Too Much,Ani DiFranco
rock.00015.wav,rock,Coming Up,Ani DiFranco
rock.00016.wav,rock,Tie Your Mother Down (Live),Queen
rock.00017.wav,rock,Under Pressure (Live),Queen
rock.00018.wav,rock,Another One Bites the Dust (Live),Queen
rock.00019.wav,rock,I Want To Break Free (Live),Queen
rock.00020.wav,rock,(You're So Square) Baby I Don't Care (Live),Queen
rock.00021.wav,rock,Hello Mary Lou (Goodbye Heart) [Live],Queen
rock.00022.wav,rock,Tear It Up,Queen
rock.00023.wav,rock,Bohemian Rhapsody (Live),Queen
rock.00024.wav,rock,Who Wants to Live Forever,Queen
rock.00025.wav,rock,Big Spender (Live),Queen
rock.00026.wav,rock,Radio Ga Ga (Live),Queen
rock.00027.wav,rock,Good Vibrations,The Beach Boys
rock.00028.wav,rock,Jumpin' Jack Flash,The Rolling Stones
rock.00029.wav,rock,Street Fighting Man,The Rolling Stones
rock.00030.wav,rock,Sympathy For The Devil,The Rolling Stones
rock.00031.wav,rock,Honky Tonk Women,The Rolling Stones
rock.00032.wav,rock,All My Love,Led Zeppelin
rock.00033.wav,rock,Gimme Shelter,The Rolling Stones
rock.00034.wav,rock,Space Oddity,David Bowie
rock.00035.wav,rock,Midnight Rambler (Live),The Rolling Stones
rock.00036.wav,rock,Movin' Out (Anthony's Song),Billy Joel
rock.00037.wav,rock,Brown Sugar,The Rolling Stones
rock.00038.wav,rock,Knockin' On Heaven's Door,Guns N' Roses
rock.00039.wav,rock,The Song Remains the Same,Led Zeppelin
rock.00040.wav,rock,The Crunge,Led Zeppelin
rock.00041.wav,rock,Dancing Days,Led Zeppelin
rock.00042.wav,rock,D'yer Mak'er,Led Zeppelin
rock.00043.wav,rock,The Ocean,Led Zeppelin
rock.00044.wav,rock,Down By the Seaside,Led Zeppelin
rock.00045.wav,rock,Ten Years Gone,Led Zeppelin
rock.00046.wav,rock,Night Flight,Led Zeppelin
rock.00047.wav,rock,The Wanton Song,Led Zeppelin
rock.00048.wav,rock,Boogie With Stu,Led Zeppelin
rock.00049.wav,rock,Real Life,Simple Minds
rock.00050.wav,rock,See the Lights,Simple Minds
rock.00051.wav,rock,Let There Be Love,Simple Minds
rock.00052.wav,rock,Woman,Simple Minds
rock.00053.wav,rock,Stand By Love,Simple Minds
rock.00054.wav,rock,African Skies,Simple Minds
rock.00055.wav,rock,African Skies,Simple Minds
rock.00056.wav,rock,Ghostrider,Simple Minds
rock.00057.wav,rock,If You Love Somebody Set Them Free,Sting
rock.00058.wav,rock,Russians,Sting
rock.00059.wav,rock,Children's Crusade,Sting
rock.00060.wav,rock,Shadows In the Rain,Sting
rock.00061.wav,rock,We Work the Black Seam,Sting
rock.00062.wav,rock,Consider Me Gone,Sting
rock.00063.wav,rock,Moon Over Bourbon Street,Sting
rock.00064.wav,rock,Living In the Past,Jethro Tull
rock.00065.wav,rock,Aqualung,Jethro Tull
rock.00066.wav,rock,Too Old To Rock 'N' Roll: Too Young To Die!,Jethro Tull
rock.00067.wav,rock,Bungle In the Jungle,Jethro Tull
rock.00068.wav,rock,Sweet Dream,Jethro Tull
rock.00069.wav,rock,Witches Promise,Jethro Tull
rock.00070.wav,rock,Life Is a Long Song,Jethro Tull
rock.00071.wav,rock,Something Got Me Started,Simply Red
rock.00072.wav,rock,Stars,Simply Red
rock.00073.wav,rock,Thrill Me,Simply Red
rock.00074.wav,rock,Your Mirror,Simply Red
rock.00075.wav,rock,She's Got It Bad,Simply Red
rock.00076.wav,rock,For Your Babies,Simply Red
rock.00077.wav,rock,Freedom,Simply Red
rock.00078.wav,rock,Wonderland,Simply Red
rock.00079.wav,rock,High On You,Survivor
rock.00080.wav,rock,Is This Love,Survivor
rock.00081.wav,rock,Poor Man's Son,Survivor
rock.00082.wav,rock,Burning Heart,Survivor
rock.00083.wav,rock,Desparate Dreams,Survivor
rock.00084.wav,rock,How Much Love,Survivor
rock.00085.wav,rock,Man Against the World,Survivor
rock.00086.wav,rock,Jessie's Girl,Rick Springfield
rock.00087.wav,rock,Rockin' In the Free World,Neil Young
rock.00088.wav,rock,The Stroke,Billy Squier
rock.00089.wav,rock,Against the Wind,Bob Seger & The Silver Bullet Band
rock.00090.wav,rock,The Lion Sleeps Tonight,The Tokens
rock.00091.wav,rock,She Bangs the Drums,The Stone Roses
rock.00092.wav,rock,Elephant Stone,The Stone Roses
rock.00093.wav,rock,Waterfall,The Stone Roses
rock.00094.wav,rock,Don't Stop,The Stone Roses
rock.00095.wav,rock,Bye Bye Bad Man,The Stone Roses
rock.00096.wav,rock,(Song for My) Sugar Spun Sister (Remastered),The Stone Roses
rock.00097.wav,rock,Made of Stone,The Stone Roses
rock.00098.wav,rock,Shoot You Down,The Stone Roses
rock.00099.wav,rock,This Is the One,The Stone Roses
